RefDes,Block,Pin,Net,Notes
U1,ESP32_S3_DEVBOARD_2x19,GPIO4,STEP_J1,Stepper J1 step
U1,ESP32_S3_DEVBOARD_2x19,GPIO5,DIR_J1,Stepper J1 direction
U1,ESP32_S3_DEVBOARD_2x19,GPIO6,EN_ALL,Shared stepper enable
U1,ESP32_S3_DEVBOARD_2x19,GPIO7,PDN_J1,TMC2209 J1 UART
U1,ESP32_S3_DEVBOARD_2x19,GPIO8,STEP_J2,Stepper J2 step
U1,ESP32_S3_DEVBOARD_2x19,GPIO9,DIR_J2,Stepper J2 direction
U1,ESP32_S3_DEVBOARD_2x19,GPIO11,PDN_J2,TMC2209 J2 UART
U1,ESP32_S3_DEVBOARD_2x19,GPIO12,STEP_J3,Stepper J3 step
U1,ESP32_S3_DEVBOARD_2x19,GPIO13,DIR_J3,Stepper J3 direction
U1,ESP32_S3_DEVBOARD_2x19,GPIO15,PDN_J3,TMC2209 J3 UART
U1,ESP32_S3_DEVBOARD_2x19,GPIO16,STEP_J4,Stepper J4 step
U1,ESP32_S3_DEVBOARD_2x19,GPIO17,DIR_J4,Stepper J4 direction
U1,ESP32_S3_DEVBOARD_2x19,GPIO21,PDN_J4,TMC2209 J4 UART
U1,ESP32_S3_DEVBOARD_2x19,GPIO35,SERVO_WRIST_PITCH,Servo 1 PWM
U1,ESP32_S3_DEVBOARD_2x19,GPIO36,SERVO_WRIST_YAW,Servo 2 PWM
U1,ESP32_S3_DEVBOARD_2x19,GPIO37,SERVO_GRIPPER,Servo 3 PWM
U1,ESP32_S3_DEVBOARD_2x19,GPIO38,UART_LEADER_RX,From leader TX
U1,ESP32_S3_DEVBOARD_2x19,GPIO39,UART_LEADER_TX,To leader RX
U1,ESP32_S3_DEVBOARD_2x19,GPIO40,SD_SCK,MicroSD SPI clock
U1,ESP32_S3_DEVBOARD_2x19,GPIO41,SD_MISO,MicroSD SPI MISO
U1,ESP32_S3_DEVBOARD_2x19,GPIO42,SD_MOSI,MicroSD SPI MOSI
U1,ESP32_S3_DEVBOARD_2x19,GPIO2,SD_CS,MicroSD SPI chip select
U1,ESP32_S3_DEVBOARD_2x19,3V3,+3V3_LOGIC,Logic rail
U1,ESP32_S3_DEVBOARD_2x19,GND,GND,Common ground

U2,TMC2209_DEVBOARD_2x08,STEP,STEP_J1,
U2,TMC2209_DEVBOARD_2x08,DIR,DIR_J1,
U2,TMC2209_DEVBOARD_2x08,EN,EN_ALL,
U2,TMC2209_DEVBOARD_2x08,PDN_UART,PDN_J1,
U2,TMC2209_DEVBOARD_2x08,VIO,+3V3_LOGIC,
U2,TMC2209_DEVBOARD_2x08,VMOT,+24V_MOTOR,
U2,TMC2209_DEVBOARD_2x08,GND,GND,
U2,TMC2209_DEVBOARD_2x08,OA1,J1_MOTOR_PIN1,
U2,TMC2209_DEVBOARD_2x08,OA2,J1_MOTOR_PIN2,
U2,TMC2209_DEVBOARD_2x08,OB1,J1_MOTOR_PIN3,
U2,TMC2209_DEVBOARD_2x08,OB2,J1_MOTOR_PIN4,

U3,TMC2209_DEVBOARD_2x08,STEP,STEP_J2,
U3,TMC2209_DEVBOARD_2x08,DIR,DIR_J2,
U3,TMC2209_DEVBOARD_2x08,EN,EN_ALL,
U3,TMC2209_DEVBOARD_2x08,PDN_UART,PDN_J2,
U3,TMC2209_DEVBOARD_2x08,VIO,+3V3_LOGIC,
U3,TMC2209_DEVBOARD_2x08,VMOT,+24V_MOTOR,
U3,TMC2209_DEVBOARD_2x08,GND,GND,
U3,TMC2209_DEVBOARD_2x08,OA1,J2_MOTOR_PIN1,
U3,TMC2209_DEVBOARD_2x08,OA2,J2_MOTOR_PIN2,
U3,TMC2209_DEVBOARD_2x08,OB1,J2_MOTOR_PIN3,
U3,TMC2209_DEVBOARD_2x08,OB2,J2_MOTOR_PIN4,

U4,TMC2209_DEVBOARD_2x08,STEP,STEP_J3,
U4,TMC2209_DEVBOARD_2x08,DIR,DIR_J3,
U4,TMC2209_DEVBOARD_2x08,EN,EN_ALL,
U4,TMC2209_DEVBOARD_2x08,PDN_UART,PDN_J3,
U4,TMC2209_DEVBOARD_2x08,VIO,+3V3_LOGIC,
U4,TMC2209_DEVBOARD_2x08,VMOT,+24V_MOTOR,
U4,TMC2209_DEVBOARD_2x08,GND,GND,
U4,TMC2209_DEVBOARD_2x08,OA1,J3_MOTOR_PIN1,
U4,TMC2209_DEVBOARD_2x08,OA2,J3_MOTOR_PIN2,
U4,TMC2209_DEVBOARD_2x08,OB1,J3_MOTOR_PIN3,
U4,TMC2209_DEVBOARD_2x08,OB2,J3_MOTOR_PIN4,

U5,TMC2209_DEVBOARD_2x08,STEP,STEP_J4,
U5,TMC2209_DEVBOARD_2x08,DIR,DIR_J4,
U5,TMC2209_DEVBOARD_2x08,EN,EN_ALL,
U5,TMC2209_DEVBOARD_2x08,PDN_UART,PDN_J4,
U5,TMC2209_DEVBOARD_2x08,VIO,+3V3_LOGIC,
U5,TMC2209_DEVBOARD_2x08,VMOT,+24V_MOTOR,
U5,TMC2209_DEVBOARD_2x08,GND,GND,
U5,TMC2209_DEVBOARD_2x08,OA1,J4_MOTOR_PIN1,
U5,TMC2209_DEVBOARD_2x08,OA2,J4_MOTOR_PIN2,
U5,TMC2209_DEVBOARD_2x08,OB1,J4_MOTOR_PIN3,
U5,TMC2209_DEVBOARD_2x08,OB2,J4_MOTOR_PIN4,

J1_MOTOR,JST6_STEPPER_4USED,1,J1_MOTOR_PIN1,COIL_A+
J1_MOTOR,JST6_STEPPER_4USED,2,J1_MOTOR_PIN2,COIL_A-
J1_MOTOR,JST6_STEPPER_4USED,3,J1_MOTOR_PIN3,COIL_B+
J1_MOTOR,JST6_STEPPER_4USED,4,J1_MOTOR_PIN4,COIL_B-
J1_MOTOR,JST6_STEPPER_4USED,5,NC,No connect
J1_MOTOR,JST6_STEPPER_4USED,6,NC,No connect

J2_MOTOR,JST6_STEPPER_4USED,1,J2_MOTOR_PIN1,COIL_A+
J2_MOTOR,JST6_STEPPER_4USED,2,J2_MOTOR_PIN2,COIL_A-
J2_MOTOR,JST6_STEPPER_4USED,3,J2_MOTOR_PIN3,COIL_B+
J2_MOTOR,JST6_STEPPER_4USED,4,J2_MOTOR_PIN4,COIL_B-
J2_MOTOR,JST6_STEPPER_4USED,5,NC,No connect
J2_MOTOR,JST6_STEPPER_4USED,6,NC,No connect

J3_MOTOR,JST6_STEPPER_4USED,1,J3_MOTOR_PIN1,COIL_A+
J3_MOTOR,JST6_STEPPER_4USED,2,J3_MOTOR_PIN2,COIL_A-
J3_MOTOR,JST6_STEPPER_4USED,3,J3_MOTOR_PIN3,COIL_B+
J3_MOTOR,JST6_STEPPER_4USED,4,J3_MOTOR_PIN4,COIL_B-
J3_MOTOR,JST6_STEPPER_4USED,5,NC,No connect
J3_MOTOR,JST6_STEPPER_4USED,6,NC,No connect

J4_MOTOR,JST6_STEPPER_4USED,1,J4_MOTOR_PIN1,COIL_A+
J4_MOTOR,JST6_STEPPER_4USED,2,J4_MOTOR_PIN2,COIL_A-
J4_MOTOR,JST6_STEPPER_4USED,3,J4_MOTOR_PIN3,COIL_B+
J4_MOTOR,JST6_STEPPER_4USED,4,J4_MOTOR_PIN4,COIL_B-
J4_MOTOR,JST6_STEPPER_4USED,5,NC,No connect
J4_MOTOR,JST6_STEPPER_4USED,6,NC,No connect

J_SERVO1,JST3_SERVO,1,GND,
J_SERVO1,JST3_SERVO,2,+6V6_SERVO,
J_SERVO1,JST3_SERVO,3,SERVO_WRIST_PITCH,
J_SERVO2,JST3_SERVO,1,GND,
J_SERVO2,JST3_SERVO,2,+6V6_SERVO,
J_SERVO2,JST3_SERVO,3,SERVO_WRIST_YAW,
J_SERVO3,JST3_SERVO,1,GND,
J_SERVO3,JST3_SERVO,2,+6V6_SERVO,
J_SERVO3,JST3_SERVO,3,SERVO_GRIPPER,

H_UART1,HDR_1x04_UART,1,GND,
H_UART1,HDR_1x04_UART,2,UART_LEADER_RX,
H_UART1,HDR_1x04_UART,3,UART_LEADER_TX,
H_UART1,HDR_1x04_UART,4,+3V3_LOGIC,Optional

H_SD1,HDR_1x06_SD_SPI,1,+3V3_LOGIC,
H_SD1,HDR_1x06_SD_SPI,2,GND,
H_SD1,HDR_1x06_SD_SPI,3,SD_SCK,
H_SD1,HDR_1x06_SD_SPI,4,SD_MISO,
H_SD1,HDR_1x06_SD_SPI,5,SD_MOSI,
H_SD1,HDR_1x06_SD_SPI,6,SD_CS,

J_PWR1,MAIN_POWER_IN_24V,1,+24V_MOTOR,24V input
J_PWR1,MAIN_POWER_IN_24V,2,GND,Power return

TP1,TESTPOINT,1,TP_EN_ALL,Optional debug
TP2,TESTPOINT,1,TP_PDN_J1,Optional debug
TP3,TESTPOINT,1,TP_PDN_J2,Optional debug
TP4,TESTPOINT,1,TP_PDN_J3,Optional debug
TP5,TESTPOINT,1,TP_PDN_J4,Optional debug
TP6,TESTPOINT,1,TP_UART_RX,Optional debug
TP7,TESTPOINT,1,TP_UART_TX,Optional debug
